USERNAME,ADDomain
ABHISHEKSH,HCLTECH
AMAHAJAN,GEO
AMIT.JALALI,GEO
AMITABH.ASTHANA,GEO
ATUL.ATHAVALE,GEO
AYAZK,GEO
CHRIS.MACRITCHIE,GEO
CHRISTIAN.T,GEO
ESUBRAMANIAN,GEO
GCHAHAL,GEO
HEMANTHP,GEO
KLAUS.HANK,GEO
KR.CHANDRASEKAR,GEO
MANDAR.PATANKAR,GEO
MANOJKUMARP,GEO
MKHARE,GEO
NDAS,GEO
NEERAJ.SINGH,GEO
NMUKHERJEE,GEO
PARAMDEEP.SINGH,GEO
PMARELLA,GEO
PVANDEVENTER,GEO
RAMESH.MENON,GEO
RANDEEP.S,HCLTECH
RAVI.BHAGWAT,GEO
RKHANNA,GEO
RMANTRI,GEO
ROSS.BAGULLY,GEO
SANDEEP.SARKAR,GEO
SASINGH,GEO
SEKHARB,GEO
SHAN.BALA,GEO
SHANTANUB,GEO
SHRIRAM.G,GEO
SSATAPATHY,GEO
SSINGHAL,GEO
SUBHESH.PAKRASHI,GEO
SUDIP.LAHIRI,GEO
TUHIN.BHATTACHARYA,GEO
VIJAYKUMARG,HCLTECH
YSHARMA,GEO
